role,company,years_of_exp,city,country,gender,currency,salary,mode,period,compensation,verified
tester,Purchase to unlock ðŸ‘†,3,Bandung,ID,Male,IDR,30000000,Net,Monthly,RSU so stonks.,Verified
HES Engineer,Purchase to unlock ðŸ‘†,12,Pekanbaru,ID,Male,IDR,54000000,Gross,Monthly,*Vacation allowance = 1 month salary *Full medical coverage = rawat jalan (unlimited); rawat inap (up to 1.000.000 IDR/night) *Educational allowance = S1 (100% paid by company) ; S2 (75% paid by company),
Lead Front End,Purchase to unlock ðŸ‘†,5,Jakarta,ID,Male,IDR,16500000,Gross,Monthly,,
Android Developer,Purchase to unlock ðŸ‘†,5,Jakarta,ID,Male,IDR,23500000,Gross,Monthly,"Insurance, work from home.",
dats scientist,Purchase to unlock ðŸ‘†,6,jakarta,ID,Male,IDR,14600000,Net,Monthly,,
dats scientist,Purchase to unlock ðŸ‘†,6,jakarta,ID,Male,IDR,14600000,Net,Monthly,,
Backend Engineer,Purchase to unlock ðŸ‘†,10,Tangerang,ID,Prefer not to tell,IDR,119000000,Gross,Monthly,,
Platform Engineer,Purchase to unlock ðŸ‘†,10,Tangerang,ID,Prefer not to tell,USD,102840,Gross,Annual,,Verified
Software Engineer,Purchase to unlock ðŸ‘†,2,Tangerang,ID,Male,IDR,13750000,Net,Monthly,Private insurance,
Senior Frontend Engineer,Purchase to unlock ðŸ‘†,3,Bogor,ID,Male,IDR,21500000,Gross,Monthly,,
IT Helpdesk/ Customer Support,Purchase to unlock ðŸ‘†,1,Kota Bekasi,ID,Male,IDR,6955000,Gross,Monthly,,
Frontend Engineer,Purchase to unlock ðŸ‘†,2,Surabaya,ID,Male,IDR,8500000,Net,Monthly,Travel reimbursement,
Tech Lead,Purchase to unlock ðŸ‘†,5,Yogyakarta,ID,Prefer not to tell,IDR,30000000,Gross,Monthly,,
Software Developer,Purchase to unlock ðŸ‘†,2,Tangerang,ID,Male,IDR,8100000,Net,Monthly,,
Software Developer,Purchase to unlock ðŸ‘†,2,Tangerang,ID,Male,IDR,8100000,Net,Monthly,,
Software Engineer,Shopee,2,Singapore,SG,Male,SGD,7650,Gross,Monthly,RSU: SGD 20.000 / 3 months,
Android Developer,Purchase to unlock ðŸ‘†,0,Surabaya,ID,Male,IDR,4700000,Gross,Monthly,,
Engineering Manager,Purchase to unlock ðŸ‘†,6,Tangerang,ID,Prefer not to tell,IDR,39000000,Net,Monthly,,
Full stack developer,Purchase to unlock ðŸ‘†,1,Jakarta,ID,Prefer not to tell,IDR,9000000,Net,Monthly,,
Social Media Strategist,Purchase to unlock ðŸ‘†,3,Jakarta,ID,Prefer not to tell,IDR,7650000,Net,Monthly,,
senior graphic designer,Purchase to unlock ðŸ‘†,4,jakarta,ID,Prefer not to tell,IDR,6600000,Gross,Monthly,,
Data analyst,Purchase to unlock ðŸ‘†,1,Jakarta,ID,Female,IDR,7500000,Gross,Monthly,,
android developer,Purchase to unlock ðŸ‘†,5,surabaya,ID,Prefer not to tell,IDR,7600000,Gross,Monthly,,
Data Analyst,Traveloka,1,Jakarta,ID,Male,IDR,14240000,Net,Monthly,,
Software Engineer,Purchase to unlock ðŸ‘†,0,Jakarta,ID,Male,IDR,11000000,Net,Monthly,,
Junior BackEnd Progammer,Purchase to unlock ðŸ‘†,1,Tangerang,ID,Prefer not to tell,IDR,5000000,Gross,Monthly,,
Test Engineer,Purchase to unlock ðŸ‘†,8,jakarta,ID,Prefer not to tell,IDR,18000000,Net,Monthly,15 dayoff,
Account Manager,Purchase to unlock ðŸ‘†,10,Jakarta,ID,Male,IDR,37000000,Gross,Monthly,,Verified
Backend Engineer,Gojek,4,Bekasi,ID,Male,IDR,30900000,Net,Monthly,,
UI/UX Designer,Purchase to unlock ðŸ‘†,5,Yogyakarta,ID,Prefer not to tell,IDR,9000000,Net,Monthly,"Insurance, remote-work option",
Product Engineer,Gojek,5,Jakarta,ID,Prefer not to tell,IDR,41000000,Net,Monthly,,
Electronic Technician,Purchase to unlock ðŸ‘†,0,Jakarta,ID,Male,IDR,18000000,Net,Monthly,Stock option as per request by employee,
Data Scientist,Traveloka,4,Tangerang,ID,Male,IDR,28000000,Net,Monthly,,
Data Scientist,Purchase to unlock ðŸ‘†,1,Bandung,ID,Female,IDR,6500000,Gross,Monthly,,
Technical Lead,Purchase to unlock ðŸ‘†,1,Bandung,ID,Male,IDR,5000000,Net,Monthly,,
Tech Lead,Purchase to unlock ðŸ‘†,12,Bogor,ID,Male,IDR,25000000,Gross,Monthly,,
Business Development Manager,Purchase to unlock ðŸ‘†,6,Jakarta,ID,Male,IDR,25000000,Net,Monthly,"- Corporate Flazz Card 700 Ribu , top up every week for toll & petrol - Pph21 Tax Refund , Company paid my salary tax",
Junior iOS Developer,Purchase to unlock ðŸ‘†,1,Jakarta,ID,Male,IDR,5500000,Net,Monthly,"Insurance, Transportation, Telecomunications",
Product manager,Purchase to unlock ðŸ‘†,6,Jakarta,ID,Male,IDR,28000000,Gross,Monthly,,
Associate Software Engineer,Purchase to unlock ðŸ‘†,0,Jakarta,ID,Male,IDR,12000000,Gross,Monthly,External Insurance,
business process specialist,Purchase to unlock ðŸ‘†,5,Jakarta,ID,Male,IDR,20000000,Gross,Monthly,,
Junior Front End Developer,Purchase to unlock ðŸ‘†,1,Yogyakarta,ID,Prefer not to tell,IDR,10000000,Gross,Monthly,,
Backend Engineer,Purchase to unlock ðŸ‘†,3,Jakarta,ID,Male,IDR,8000000,Net,Monthly,Private health insurance Gym Membership BPJS,
Assistant Manager - IT Development,Purchase to unlock ðŸ‘†,5,Jakarta,ID,Male,IDR,10000000,Gross,Monthly,"Full health benefits, phone credits, transportation vouchers, PTO",
Software Engineer (Front-end),Purchase to unlock ðŸ‘†,2,Jakarta,ID,Prefer not to tell,IDR,15800000,Gross,Monthly,"Insurance, 12 days off",Verified
Senior Product Designer,Purchase to unlock ðŸ‘†,12,Bandung,ID,Male,IDR,12,Gross,Monthly,,
Junior Software Engineer,Purchase to unlock ðŸ‘†,0,Nomad,ID,Male,IDR,5000000,Gross,Monthly,"LOP, insurance,",
Human Resources,Purchase to unlock ðŸ‘†,1,Jakarta,ID,Female,IDR,8500000,Gross,Monthly,"Health Insurance, Life Insurance",Verified
Decision Scientist,Gojek,4,Jakarta,ID,Male,IDR,32500000,Net,Monthly,,
Software Engineer,Purchase to unlock ðŸ‘†,2,Klaten,ID,Male,IDR,3000000,Net,Monthly,,Verified
Campaign Management,Gojek,4,Jakarta,ID,Female,IDR,14600000,Gross,Monthly,,
Mining Engineer,Purchase to unlock ðŸ‘†,3,Sumbawa Barat,ID,Male,IDR,15000000,Net,Monthly,,
Business Intelligence Analyst,Purchase to unlock ðŸ‘†,0,Jakarta,ID,Female,IDR,9000000,Net,Monthly,,
Senior Software Engineer,Purchase to unlock ðŸ‘†,3,Jakarta Selatan,ID,Prefer not to tell,IDR,33000000,Net,Monthly,,
Data Engineer,Purchase to unlock ðŸ‘†,3,Jakarta,ID,Prefer not to tell,IDR,18000000,Gross,Monthly,"Private Insurance, Tax Benefit",
Data Engineer,Purchase to unlock ðŸ‘†,3,Jakarta,ID,Male,IDR,18000000,Gross,Monthly,"Private Insurance, Tax Benefit",
Senior DevOps Engineer - Previously SystemEnginner and Lecturer,Purchase to unlock ðŸ‘†,13,Jakarta,ID,Prefer not to tell,IDR,38000000,Net,Monthly,Medical Insurance,
Merchandiser,Purchase to unlock ðŸ‘†,7,Yogyakarta,ID,Prefer not to tell,IDR,10500000,Gross,Monthly,,
Assistant Manager,Purchase to unlock ðŸ‘†,6,Jakarta,ID,Male,IDR,25989590,Gross,Monthly,,
Strategic Project Manager,Purchase to unlock ðŸ‘†,5,Jakarta,ID,Male,IDR,36700000,Gross,Monthly,RSU twice a year,
Product Designer,Purchase to unlock ðŸ‘†,4,Jakarta,ID,Prefer not to tell,IDR,16400000,Net,Monthly,,
Associate Product Manager,Purchase to unlock ðŸ‘†,0,Jakarta,ID,Male,IDR,9500000,Net,Monthly,"Stock Options, Private Insurance, laptop Ownership, Smartphone Ownership program, Unlimited leaves if there's covid or any danger medical situation, special leaves for family events",
Tech Lead,Purchase to unlock ðŸ‘†,11,Yogyakarta,ID,Male,IDR,39000000,Net,Monthly,,
Data Analyst,Traveloka,5,Tangerang,ID,Male,IDR,23000000,Net,Monthly,,
QA Engineer,Purchase to unlock ðŸ‘†,6,Bandung,ID,Female,IDR,15450000,Gross,Monthly,20 days annual leave,
Product Designer,Purchase to unlock ðŸ‘†,1,Jakarta,ID,Male,IDR,8500000,Net,Monthly,,
BD Manager,Gojek,3,Jakarta,ID,Prefer not to tell,IDR,35000000,Net,Monthly,,
Business analyst,Gojek,1,Jakarta,ID,Female,IDR,8500000,Gross,Monthly,,
Operations Supervisor,Gojek,3,Satellite City,ID,Male,IDR,9600000,Gross,Monthly,,
Management Trainee,Purchase to unlock ðŸ‘†,2,Jakarta,ID,Male,IDR,7725000,Net,Monthly,None,
Social Media Specialist,Purchase to unlock ðŸ‘†,5,Jakarta,ID,Female,IDR,7000000,Net,Monthly,"BPJS, Medical, training, performance bonus, THR, lumsum",
Quality Assurance,Purchase to unlock ðŸ‘†,3,Bandung,ID,Prefer not to tell,IDR,11000000,Gross,Monthly,,
Corporate Communications,Purchase to unlock ðŸ‘†,4,Jakarta,ID,Male,IDR,10000000,Net,Monthly,,
SAP Consultant,Purchase to unlock ðŸ‘†,3,Jakarta,ID,Female,IDR,12000000,Net,Monthly,"Transport allowance, 13th salary, yearly fixed bonus, performance bonus, medical insurance, maternity and glasses reimbursement, ESPP, parking reimbursement.",
Project Manager,Purchase to unlock ðŸ‘†,0,Jakarta,ID,Female,IDR,5000000,Net,Monthly,,
Facility Engineer,Purchase to unlock ðŸ‘†,7,Duri,ID,Male,IDR,36000000,Gross,Monthly,,
Data Support Supervisor,Purchase to unlock ðŸ‘†,3,Jakarta,ID,Female,IDR,9000000,Gross,Monthly,,
Partnership Specialist,Purchase to unlock ðŸ‘†,6,Tangerang,ID,Male,IDR,15000000,Gross,Monthly,Meals,
Project Manager,Gojek,7,Jakarta,ID,Male,IDR,24000000,Net,Monthly,Communication + Transportation Compensation,
mobile developer,Purchase to unlock ðŸ‘†,1,jakarta,ID,Prefer not to tell,IDR,6,Gross,Monthly,,
Graphic Designer,Purchase to unlock ðŸ‘†,4,Jakarta,ID,Male,IDR,9000000,Net,Monthly,,
Digital Marketing Analyst,Traveloka,3,Jakarta,ID,Prefer not to tell,IDR,13000000,Net,Monthly,,
Data Engineer,Purchase to unlock ðŸ‘†,3,Jakarta,ID,Male,IDR,18000000,Gross,Monthly,"Tax Benefit, Private Health Insurance",
Android Developer,Purchase to unlock ðŸ‘†,5,Semarang,ID,Prefer not to tell,IDR,18500000,Net,Monthly,,
Product marketing manager,Gojek,6,Jakarta,ID,Prefer not to tell,IDR,25000000,Gross,Monthly,,
Community Officer,Purchase to unlock ðŸ‘†,2,Yogyakarta,ID,Prefer not to tell,IDR,3000000,Gross,Monthly,Private Insurance,
UI Designer,Purchase to unlock ðŸ‘†,3,Malang,ID,Prefer not to tell,IDR,3550000,Net,Monthly,,
Partnership,Gojek,1,Jakarta,ID,Male,IDR,9000000,Gross,Monthly,,
Business Intelligence Analyst,Purchase to unlock ðŸ‘†,3,Jakarta,IQ,Male,IDR,14500000,Gross,Monthly,,
UX Writer,Purchase to unlock ðŸ‘†,2,Jakarta,ID,Prefer not to tell,IDR,12000000,Net,Monthly,8000000,
UX Writer,Purchase to unlock ðŸ‘†,2,Jakarta,ID,Prefer not to tell,IDR,15000000,Net,Monthly,8000000,
Copywriter,tokopedia,1,jakarta,ID,Prefer not to tell,IDR,8000000,Gross,Monthly,,
Senior Copywriter,tokopedia,5,jakarta,ID,Prefer not to tell,IDR,15000000,Gross,Monthly,,
Senior UX Researcher,Purchase to unlock ðŸ‘†,3,jakarta,ID,Prefer not to tell,IDR,15000000,Net,Monthly,,
Associate Product Manager,Purchase to unlock ðŸ‘†,1,jakarta,ID,Male,IDR,13000000,Net,Monthly,,
Software Engineer,Tokopedia,2,Jakarta,ID,Male,IDR,12325000,Gross,Monthly,"Allowance, Bonus, Stock, Insurance",
Financial Analyst,Purchase to unlock ðŸ‘†,2,jakarta,ID,Female,IDR,13000000,Net,Monthly,,
Business Analyst,Gojek,2,Jakarta,ID,Female,IDR,11000000,Net,Monthly,Gopay 500k,
UX Writer,Purchase to unlock ðŸ‘†,1,Jakarta,ID,Prefer not to tell,IDR,14750000,Net,Monthly,,
Financial Planning,Purchase to unlock ðŸ‘†,3,Jakarta,ID,Female,IDR,26000000,Gross,Monthly,,
Content Specialist,Purchase to unlock ðŸ‘†,1,Jakarta,ID,Prefer not to tell,IDR,8500000,Gross,Monthly,Insurance; WFH; Transport benefits,
Digital Platform Manager,Purchase to unlock ðŸ‘†,5,Jakarta,ID,Male,IDR,12000000,Net,Monthly,"Wfh, insurance, reimburse, flexible working time,",
Business Development Project,Purchase to unlock ðŸ‘†,3,Jakarta,ID,Prefer not to tell,IDR,32000000,Gross,Monthly,,
Research Manager,Gojek,9,Bali,ID,Female,IDR,37000000,Gross,Monthly,,
Product Manager,Purchase to unlock ðŸ‘†,1,Yogyakarta,ID,Male,IDR,10000000,Net,Monthly,,
Product manager,Purchase to unlock ðŸ‘†,5,Jakarta,ID,Prefer not to tell,IDR,20000000,Gross,Monthly,,
Quality Assurance,Gojek,2,Jakarta,ID,Male,IDR,8033000,Net,Monthly,,
UX Researcher,Purchase to unlock ðŸ‘†,3,Jakarta,ID,Male,IDR,12000000,Net,Monthly,,
Business Intelligence Lead,Purchase to unlock ðŸ‘†,4,Jakarta,ID,Prefer not to tell,IDR,18000000,Net,Monthly,,
Media Planner,Purchase to unlock ðŸ‘†,5,Jakarta,ID,Male,IDR,15000000,Net,Monthly,,
Office Boy,Purchase to unlock ðŸ‘†,2,Jakarta,ID,Prefer not to tell,IDR,40000000,Net,Monthly,,
Account Support Specialist,Purchase to unlock ðŸ‘†,1,Sukabumi,ID,Female,IDR,5300000,Gross,Monthly,,
Senior Project Manager,Purchase to unlock ðŸ‘†,5,Jakarta,ID,Prefer not to tell,IDR,30000000,Gross,Monthly,RSU worth 8000 usd,
Senior Project Manager,Purchase to unlock ðŸ‘†,5,Jakarta,ID,Prefer not to tell,IDR,30000000,Gross,Monthly,RSU worth 8000 usd,
Senior UX Writer,Purchase to unlock ðŸ‘†,3,Bekasi,ID,Male,IDR,20000000,Net,Monthly,,
Data Analytics,Purchase to unlock ðŸ‘†,3,Jakarta,ID,Male,IDR,24,Net,Monthly,"Medical, communication, transport allowance",
Product Designer,Purchase to unlock ðŸ‘†,3,Jakarta,ID,Prefer not to tell,IDR,17000000,Net,Monthly,"Private Insurance, Lunch",
Frontend Dev,Purchase to unlock ðŸ‘†,2,Malang,ID,Male,IDR,4000000,Net,Monthly,,
UX Writer,Purchase to unlock ðŸ‘†,5,Jakarta,ID,Female,IDR,29000000,Net,Monthly,,
Data Analyst,Purchase to unlock ðŸ‘†,1,Jakarta,ID,Female,IDR,14000000,Gross,Monthly,,
Consultant,Purchase to unlock ðŸ‘†,3,Jakarta,ID,Prefer not to tell,IDR,7000000,Gross,Monthly,"Health insurance (inpatient & outpatient), glasses (after 1 year of employment; lenses: every year; frame: every 2 years), gym (reimbursed), paid leave, sick leave, maternity leave, period leave, taxi vouchers (only work related), laptop (during employment)",
Data Analyst,Purchase to unlock ðŸ‘†,3,Jakarta,ID,Prefer not to tell,IDR,9000000,Net,Monthly,,
Junior Backend Engineer,Purchase to unlock ðŸ‘†,1,Yogyakarta,ID,Prefer not to tell,IDR,6000000,Gross,Monthly,,
Data Scientist,Purchase to unlock ðŸ‘†,6,Jakarta,ID,Male,IDR,14500000,Gross,Monthly,,
KOL Specialist,Purchase to unlock ðŸ‘†,1,Jakarta,ID,Prefer not to tell,IDR,5500000,Gross,Monthly,,Verified
Senior DevOps Engineer - Previously SystemEnginner and Lecturer,Purchase to unlock ðŸ‘†,13,Jakarta,ID,Male,IDR,37799000,Net,Monthly,Medical Insurance,
Human Resources,Purchase to unlock ðŸ‘†,1,Yogyakarta,ID,Male,IDR,3000000,Gross,Monthly,Inpatient insurance,
Parts Business Development,Purchase to unlock ðŸ‘†,7,Jakarta,ID,Male,IDR,9000000,Net,Monthly,,
Business Analyst,Purchase to unlock ðŸ‘†,2,Jakarta,ID,Male,IDR,15000000,Gross,Monthly,Healthcare a month salary for a year 15 days off,
remote software developer,Purchase to unlock ðŸ‘†,6,malang,ID,Male,USD,450,Net,Monthly,,
Full-stack Web Developer,Purchase to unlock ðŸ‘†,5,Surabaya,ID,Prefer not to tell,USD,3000,Net,Monthly,,
Product Engineer,Gojek,3,jabodetabek,ID,Prefer not to tell,IDR,20000000,Net,Monthly,,
Test Engineer,Purchase to unlock ðŸ‘†,0,Yogyakarta,ID,Male,IDR,5200000,Net,Monthly,Insurance,
Software Engineer,Gojek,5,Yogyakarta,ID,Prefer not to tell,IDR,28000000,Net,Monthly,,
Purchasing,Purchase to unlock ðŸ‘†,4,Jakerta,ID,Male,IDR,16000000,Gross,Monthly,,
IT Security Engineer,Purchase to unlock ðŸ‘†,2,Jakarta,ID,Prefer not to tell,IDR,12000000,Net,Monthly,Stock: Around 1x salary per year Performance Bonus: 6-8x Salary (Depends on your performance and company performance),
Software Developer,Purchase to unlock ðŸ‘†,1,Surabaya,ID,Male,USD,3000,Gross,Monthly,"Stock options, flexible time off, WFH",Verified
Engineering Manager,Bukalapak,7,Jakarta,ID,Prefer not to tell,IDR,23000000,Gross,Monthly,,
Operation Team Leader,Purchase to unlock ðŸ‘†,4,Jakarta,ID,Male,IDR,5800000,Gross,Monthly,,
Account Executivet,Purchase to unlock ðŸ‘†,1,Pekanbaru,ID,Male,IDR,4500000,Gross,Monthly,"BPJS TK, BPJS Kesehatan, Bensin, Sewa Motor, dan Komisi",
Front-end Developer,Purchase to unlock ðŸ‘†,1,Jakarta Barat,ID,Prefer not to tell,IDR,9000000,Gross,Monthly,"WFH, Insurance",
Software Engineer,Purchase to unlock ðŸ‘†,1,Jakarta,ID,Prefer not to tell,IDR,12500000,Net,Monthly,"Insurance, full WFH(currently), 18 days off,",
Strategic Content Manager,Purchase to unlock ðŸ‘†,9,Jakarta,ID,Male,IDR,14300000,Gross,Monthly,,
Fullstack Developer,Purchase to unlock ðŸ‘†,6,Jakarta,ID,Prefer not to tell,IDR,300000000,Net,Annual,"Insurance, WFH",
Junior Operator I,Purchase to unlock ðŸ‘†,3,Palembang,ID,Male,IDR,6000000,Gross,Monthly,,
Administration,Gojek,1,Jakarta,ID,Female,IDR,5000000,Gross,Monthly,Stock options,
Talent Acquisition,Purchase to unlock ðŸ‘†,1,Depok,ID,Prefer not to tell,USD,2000,Net,Monthly,,
Data Analyst,Purchase to unlock ðŸ‘†,4,Surabaya,ID,Male,IDR,5000,Gross,Monthly,Opsi saham,
Data Analyst,Purchase to unlock ðŸ‘†,4,Surabaya,ID,Male,USD,5000,Gross,Monthly,"Opsi saham, uang pangkal, konsumsi, fasilitas kesehatan, operasional (laptop), dana transportasi.",
Product Manager,Purchase to unlock ðŸ‘†,2,Jakarta,ID,Male,IDR,15700000,Gross,Monthly,1x Bonus / Year Full WFH,
Creative Manager,Purchase to unlock ðŸ‘†,10,Jakarta,ID,Male,IDR,24000000,Net,Monthly,,
Product Lead,Purchase to unlock ðŸ‘†,3,Jakarta,ID,Female,IDR,11500000,Gross,Monthly,"BPJS, Insurance",
Android Developer,Purchase to unlock ðŸ‘†,0,Jakarta,ID,Male,IDR,7000000,Gross,Monthly,"Health Insurance, Yearly Bonus",
SEO Specialist,Purchase to unlock ðŸ‘†,2,Surabaya,ID,Prefer not to tell,IDR,7000000,Gross,Monthly,,Verified
Actor,Purchase to unlock ðŸ‘†,8,New York,US,Prefer not to tell,USD,200000,Gross,Monthly,,
Operation Officer,Purchase to unlock ðŸ‘†,4,Jakarta,ID,Male,IDR,18200000,Net,Monthly,,
UX Designer,Purchase to unlock ðŸ‘†,5,Jakarta,ID,Prefer not to tell,IDR,30000000,Net,Monthly,"Meals, Communication",
Management Trainee,Purchase to unlock ðŸ‘†,1,Jakarta,ID,Male,IDR,13000000,Gross,Monthly,,
Android Engineer,Purchase to unlock ðŸ‘†,0,Yogyakarta,ID,Prefer not to tell,IDR,4000000,Gross,Monthly,,
Front-End Engineer,Purchase to unlock ðŸ‘†,3,South Tangerang,ID,Prefer not to tell,IDR,8000000,Gross,Monthly,,
Senior System Engineer,Purchase to unlock ðŸ‘†,6,Jakarta,ID,Prefer not to tell,IDR,20000000,Gross,Monthly,,
Product Researcher,Gojek,3,Jakarta,ID,Prefer not to tell,IDR,17000000,Net,Monthly,RSU,
Marketing Analysist,Purchase to unlock ðŸ‘†,0,Jakarta,ID,Female,IDR,6000000,Net,Monthly,Insurance,
Solution Architect,Purchase to unlock ðŸ‘†,5,Jakarta,ID,Prefer not to tell,IDR,26000000,Net,Monthly,"Medical Insurance, annual leave, gym, lunch",
Administration,Purchase to unlock ðŸ‘†,2,Semarang,ID,Female,IDR,4500000,Net,Monthly,,
Software engineer,Gojek,4,Bekasi,ID,Prefer not to tell,IDR,31000000,Net,Monthly,Insurance,
Supply Chain Manager,Purchase to unlock ðŸ‘†,5,Yogyakarta,ID,Female,IDR,30000000,Gross,Monthly,"Insurance, Car ownership program, danone stock, deposito pension program (differ from bpjs), 6 months birth leave",
Frontend Software Engineer,Purchase to unlock ðŸ‘†,2,Surabaya,ID,Prefer not to tell,IDR,12000000,Net,Monthly,,
IT SUPPORT,Purchase to unlock ðŸ‘†,3,Jakarta,ID,Prefer not to tell,IDR,8600000,Gross,Monthly,,
SAP Basis Consultant,Purchase to unlock ðŸ‘†,9,Bekasi,ID,Male,IDR,20000000,Gross,Monthly,,
Senior Market Partnership Associates,Traveloka,5,Jakarta,ID,Female,IDR,11500000,Net,Monthly,"Transport, Lunch, Yearly Traveloka points value 5mio++",
Senior Market Partnership Associates,Traveloka,5,Jakarta,ID,Female,IDR,11500000,Net,Monthly,"Transport, Lunch, Yearly Traveloka points value 5mio++",
Research,Gojek,5,Jakarta,ID,Prefer not to tell,IDR,32000000,Gross,Monthly,RSU,
Commerce Enablement Sales Team,Gojek,1,Semarang,ID,Male,IDR,3300000,Gross,Monthly,,
Graphic Designer,Purchase to unlock ðŸ‘†,2,Jakara,ID,Male,IDR,6600000,Gross,Monthly,,
Frontend Developer,Purchase to unlock ðŸ‘†,3,Yogyakarta,ID,Prefer not to tell,IDR,18600000,Gross,Monthly,,
Test Engineer,Gojek,2,Yogyakarta,ID,Female,IDR,20,Gross,Monthly,,
Fullstack Developer,Purchase to unlock ðŸ‘†,1,Batam,ID,Prefer not to tell,IDR,9000000,Gross,Monthly,,
Senior Software Engineer,Bukalapak,6,Depok,ID,Male,IDR,24000000,Net,Monthly,"Medical insurance, budget entertainmenr, WFH",
React Native Developer,Purchase to unlock ðŸ‘†,2,Tangerang,ID,Male,IDR,7500000,Net,Monthly,,
PMO,Purchase to unlock ðŸ‘†,10,Jakarta,ID,Prefer not to tell,IDR,21000000,Net,Monthly,,
Business Strategy,Purchase to unlock ðŸ‘†,9,Jakarta,ID,Prefer not to tell,IDR,14000000,Net,Monthly,,
Senior Software Engineer,Bukalapak,5,Depok,ID,Male,IDR,28000000,Net,Monthly,,
Senior Fraud Analyst,Shopee,2,Jakarta,ID,Male,IDR,5660000,Gross,Monthly,,
Officer Deck,Purchase to unlock ðŸ‘†,2,Jakarta,ID,Female,IDR,18000000,Net,Monthly,,
Anggota Tim Yunior,Purchase to unlock ðŸ‘†,6,Jakarta,ID,Female,IDR,16000000,Net,Monthly,,
Data Analyst,Purchase to unlock ðŸ‘†,0,Jakarta,ID,Male,IDR,6000000,Gross,Monthly,BPJS,
Operational Staff,Purchase to unlock ðŸ‘†,1,Jakarta,ID,Male,IDR,7000000,Gross,Monthly,Medical Insurance,
Software Engineer in Backend,Bukalapak,0,Jakarta,ID,Male,IDR,11500000,Gross,Monthly,"Health insurance, covers 1 wife and 3 children",
Digital Marketing Specialist,Purchase to unlock ðŸ‘†,5,Jakarta,ID,Prefer not to tell,IDR,18000000,Net,Monthly,,
Junior Brand Manager,Purchase to unlock ðŸ‘†,3,Jakarta,ID,Female,IDR,17500000,Gross,Monthly,,
SEO,Shopee,1,Jakarta,ID,Prefer not to tell,IDR,6500000,Gross,Monthly,,
Senior business development manager,Purchase to unlock ðŸ‘†,5,Jakarta,ID,Prefer not to tell,IDR,21000000,Gross,Monthly,- health insurance benefit - stock option,
Software Development Engineer Lead,Purchase to unlock ðŸ‘†,5,Jakarta,ID,Prefer not to tell,IDR,37000000,Gross,Monthly,"Insurance, potential bonus up to 4x salary per year depending on the company and personal performance",
Product Designer,Purchase to unlock ðŸ‘†,5,Jakarta,ID,Prefer not to tell,IDR,27000000,Gross,Monthly,,
UI/UX Designer,Purchase to unlock ðŸ‘†,2,Jakarta,ID,Male,IDR,8000000,Net,Monthly,,
Website Analyst,Purchase to unlock ðŸ‘†,4,Jakarta,ID,Prefer not to tell,IDR,15,Gross,Monthly,,Verified
Auditor,Purchase to unlock ðŸ‘†,1,All over Indonesia,ID,Prefer not to tell,IDR,17000000,Net,Monthly,"BPJS, doctor at the office",
Android Developer,Purchase to unlock ðŸ‘†,4,Yogyakarta,ID,Male,IDR,5500000,Gross,Monthly,,
Apps Developer,Purchase to unlock ðŸ‘†,1,Bandung,ID,Male,IDR,9400000,Net,Monthly,-,
Urologist,Purchase to unlock ðŸ‘†,1,Banyuwangi,ID,Male,IDR,15000000,Net,Monthly,15 juta adalah gaji pokok. Masih ditambah jasa pelayanan medis yg bervariasi tiap bulannya tergantung jumlah pasien yang ada. Dan ini masih di satu RS. Dokter berhak untuk menambah SIP max 3 RS,
Safety Officer,Purchase to unlock ðŸ‘†,5,East Borneo,ID,Male,IDR,10000000,Gross,Monthly,"Mess, Housing, Transportation, Akomodation for paid leave",
Data analyst,Purchase to unlock ðŸ‘†,2,Jakarta,ID,Prefer not to tell,IDR,8000000,Gross,Monthly,,
Sr. Operations Manager,Purchase to unlock ðŸ‘†,5,Jakarta Selatan,ID,Prefer not to tell,IDR,18500000,Net,Monthly,,
Software engineer,Traveloka,5,Jakarta,ID,Male,IDR,24500000,Net,Monthly,,
Manager,Purchase to unlock ðŸ‘†,5,Jakarta,ID,Male,IDR,29500000,Gross,Monthly,,
Copywriter,Shopee,0,Bekasi,ID,Prefer not to tell,IDR,5200000,Gross,Monthly,,
Copywriter,Shopee,0,Bekasi,ID,Prefer not to tell,IDR,5200000,Gross,Monthly,,
Copywriter,Shopee,0,Bekasi,ID,Prefer not to tell,IDR,5200000,Gross,Monthly,,
Frontend Engineer,Purchase to unlock ðŸ‘†,3,Jakarta,ID,Male,IDR,11000000,Net,Monthly,,
Junior Consultant,Purchase to unlock ðŸ‘†,5,Jakarta,ID,Prefer not to tell,IDR,8500000,Gross,Monthly,,
Data Analtytics,Purchase to unlock ðŸ‘†,2,Jakarta,ID,Prefer not to tell,IDR,125000000,Net,Annual,"Employee Loan program, private assurance, etc",
Scrum Master,Purchase to unlock ðŸ‘†,18,Jakarta,ID,Prefer not to tell,IDR,16000000,Net,Monthly,,
Business Intelligence,Purchase to unlock ðŸ‘†,1,Jakarta,ID,Male,IDR,10000000,Net,Monthly,,
Senior Frontend Engineer,Purchase to unlock ðŸ‘†,4,Jakarta,ID,Male,IDR,26500000,Net,Monthly,,
Qa tester entry level,Purchase to unlock ðŸ‘†,1,Jakarta,ID,Male,IDR,5000000,Net,Monthly,,
Security Consultant,Purchase to unlock ðŸ‘†,4,Jakarta,ID,Male,IDR,45000000,Net,Monthly,,
Game Tester,Purchase to unlock ðŸ‘†,3,Surabaya,ID,Female,IDR,7000000,Gross,Monthly,,
Software engineer,Traveloka,1,Jakarta,ID,Male,IDR,12000000,Gross,Monthly,,
Senior Business Operations Associate,Purchase to unlock ðŸ‘†,5,Jakarta,ID,Male,IDR,27000000,Gross,Monthly,,
Technical Lead,Purchase to unlock ðŸ‘†,5,Jakarta,ID,Male,IDR,58000000,Gross,Monthly,,
Product Manager,Purchase to unlock ðŸ‘†,6,Jakarta,ID,Prefer not to tell,IDR,33000000,Net,Monthly,,
Marcom Supervisor,Purchase to unlock ðŸ‘†,10,Jakarta,ID,Prefer not to tell,IDR,14800000,Gross,Monthly,,
Full Stack Engineer,Purchase to unlock ðŸ‘†,4,Jakarta,FR,Male,IDR,44000000,Gross,Monthly,"Stock Options, Yearly budget for remote setup, book reimbursement, healthcare reimbursement",
Junior Android Developer,Purchase to unlock ðŸ‘†,2,Tangerang Selatan,ID,Male,IDR,7400000,Gross,Monthly,,
Creative Director,Purchase to unlock ðŸ‘†,5,Jakarta,ID,Female,IDR,15000000,Gross,Monthly,Health Insurance,
UX Researcher,Purchase to unlock ðŸ‘†,2,Jakarta,ID,Male,IDR,11630000,Net,Monthly,,
Lab Technician,Purchase to unlock ðŸ‘†,1,Sumbawa,ID,Prefer not to tell,IDR,10000000,Gross,Monthly,"Health Insurance, Mangan 3x sehari, Mess, transportation,",
Communication Coordinator,Purchase to unlock ðŸ‘†,2,Jakarta,ID,Male,IDR,14500000,Gross,Monthly,"Remote, insurance, laptop",
Senior manager,Purchase to unlock ðŸ‘†,0,Jabodetabek,ID,Prefer not to tell,IDR,30000000,Net,Monthly,,
UI/UX Designer,Purchase to unlock ðŸ‘†,1,Jakarta,ID,Male,IDR,13675000,Gross,Monthly,,
Software Engineer,Purchase to unlock ðŸ‘†,4,Central Java (Remotely),ID,Prefer not to tell,IDR,26000000,Net,Monthly,,
Key Account Manager,Purchase to unlock ðŸ‘†,2,Jakarta,ID,Male,IDR,12800000,Gross,Monthly,20% per month if hit KPI,
iOS developer,Purchase to unlock ðŸ‘†,1,Remote pindah2,ID,Prefer not to tell,IDR,15000000,Gross,Monthly,,
Frontend Developer,Purchase to unlock ðŸ‘†,1,Depok,ID,Male,IDR,10000000,Net,Monthly,,
Marketing Executive,Purchase to unlock ðŸ‘†,4,Jakarta,ID,Prefer not to tell,IDR,9000000,Gross,Monthly,,
Software Engineer,Purchase to unlock ðŸ‘†,0,Jakarta,ID,Prefer not to tell,IDR,8000000,Net,Monthly,,
IT Advisory Associate For Enterprise System,Purchase to unlock ðŸ‘†,8,Jakarta,ID,Male,IDR,30000000,Net,Monthly,,
QA Engineer,Purchase to unlock ðŸ‘†,1,Jakarta,ID,Prefer not to tell,IDR,8000000,Gross,Monthly,,
Communications consultant to an Indonesian government ad-hoc agency,Purchase to unlock ðŸ‘†,6,Jakarta,ID,Female,IDR,18000000,Net,Monthly,,
Software Engineer (Backend),Traveloka,2,Jakarta,ID,Prefer not to tell,IDR,19000000,Net,Monthly,,
IT Support,Purchase to unlock ðŸ‘†,2,Gunung Putri,ID,Male,IDR,8000000,Gross,Monthly,,
SRE,Purchase to unlock ðŸ‘†,5,Karanganyar,ID,Prefer not to tell,EUR,65000,Gross,Annual,,
SRE,Purchase to unlock ðŸ‘†,5,Karanganyar,ID,Male,EUR,65000,Gross,Annual,,Verified
Senior Software Engineer,Tokopedia,3,Jakarta,ID,Male,IDR,17000000,Gross,Monthly,1M Monthly Incentive,
QA ENGINEER,Purchase to unlock ðŸ‘†,3,Jakarta,ID,Male,IDR,16000000,Net,Monthly,,
Backend Engineer,Traveloka,3,Jakarta,ID,Prefer not to tell,IDR,22000000,Net,Monthly,,
Frontend Engineer,Purchase to unlock ðŸ‘†,2,Jakarta,ID,Prefer not to tell,IDR,12000000,Net,Monthly,,
Account Executive,Gojek,2,Surabaya,ID,Male,IDR,7500000,Gross,Monthly,,
Senior Software Engineer,Purchase to unlock ðŸ‘†,9,Semarang,ID,Prefer not to tell,IDR,150000000,Net,Monthly,,
Software Engineer,Purchase to unlock ðŸ‘†,3,Jakarta,ID,Male,IDR,14000000,Gross,Monthly,"Insurance, bonus 1x/year",
Business Intelligence Analyst,Shopee,5,Jakarta,ID,Male,IDR,25000000,Net,Monthly,"BPKS Kes, BPJS TK, Insurance",
digital marketing,Purchase to unlock ðŸ‘†,1,Jakarta,ID,Prefer not to tell,IDR,5500000,Gross,Monthly,,
Software Engineer,Purchase to unlock ðŸ‘†,3,Jakarta,ID,Male,IDR,25000000,Net,Monthly,1500 RSU,
Account Manager,Purchase to unlock ðŸ‘†,1,Jakarta,ID,Male,IDR,5900000,Gross,Monthly,,Verified
Account Manager,Purchase to unlock ðŸ‘†,3,Jakarta,ID,Male,IDR,13900000,Gross,Monthly,,Verified
Account Manager,Purchase to unlock ðŸ‘†,1,Jakarta,ID,Female,IDR,6500000,Gross,Monthly,,
Campaign Marketing,Shopee,6,Jakarta,ID,Female,IDR,24000000,Gross,Monthly,,
Software Engineer (Fullstack),Purchase to unlock ðŸ‘†,3,Central of Java,ID,Male,SGD,1800,Net,Monthly,- Insurance - Fully Remote Work,
Sales Operation Associate,Gojek,2,Jakarta,ID,Prefer not to tell,IDR,9500001,Gross,Monthly,"Insurance, Bonus (depends on performance)",
QA Engineer,Traveloka,3,Jakarta,ID,Female,ILS,11000000,Net,Monthly,,
Mobile Engineer,Gojek,6,Greater Jakarta,ID,Prefer not to tell,IDR,49000000,Gross,Monthly,,
IT Test Analyst,Purchase to unlock ðŸ‘†,4,Jakarta,ID,Prefer not to tell,IDR,10885000,Gross,Monthly,,
Associate,Purchase to unlock ðŸ‘†,4,Jakarta,ID,Prefer not to tell,SGD,5500,Gross,Monthly,,
Technical Consultant,Purchase to unlock ðŸ‘†,2,Jakarta,ID,Prefer not to tell,IDR,6000000,Net,Monthly,"Insurance, Parking Card, Off Site Events, Sick/Leave Days, WFH",
Instructor,Purchase to unlock ðŸ‘†,2,Jakarta,ID,Prefer not to tell,IDR,12000000,Net,Monthly,Insurance,
Data Engineer,Purchase to unlock ðŸ‘†,4,Jakarta,ID,Male,IDR,18,Gross,Monthly,,
Senior Developer,Purchase to unlock ðŸ‘†,12,SG,SG,Prefer not to tell,SGD,10000,Gross,Monthly,"stock: 4% salary per month. RSU ~ 22K per year. flexi benefit insurance that covers whole family. Generous leaves (21 days annual, 6 days childcare, 7 days learning, etc)",
Project Managment,Purchase to unlock ðŸ‘†,2,Jakarta,ID,Male,IDR,7000000,Gross,Monthly,,
DevOps Engineer,Purchase to unlock ðŸ‘†,2,Jakarta,ID,Prefer not to tell,IDR,12700000,Net,Monthly,,Verified
Software Engineer (Lead),Traveloka,6,Jakarta,ID,Prefer not to tell,IDR,70000000,Gross,Monthly,,
Web Developer,Purchase to unlock ðŸ‘†,2,Yogyakarta,ID,Prefer not to tell,IDR,4500000,Net,Monthly,,
Application Support,Purchase to unlock ðŸ‘†,9,Depok,ID,Male,IDR,13570000,Net,Monthly,,
Junior Backend Developer,Purchase to unlock ðŸ‘†,0,Bekasi,ID,Male,IDR,6397053,Gross,Monthly,Insurance,Verified
Digital Talent Program,Purchase to unlock ðŸ‘†,0,Jakarta,ID,Male,IDR,8500000,Gross,Monthly,,
Full Stack Engineer,Purchase to unlock ðŸ‘†,10,Bandung,ID,Male,USD,5500,Net,Monthly,,
Software Engineer,Purchase to unlock ðŸ‘†,3,Malang,ID,Male,IDR,8000000,Gross,Monthly,"BPJS, ISSURANCE, REIMBURSEMENT",
Senior Frontend Engineer,Purchase to unlock ðŸ‘†,5,Jakarta,ID,Prefer not to tell,IDR,25000000,Gross,Monthly,,
Senior graphic designer,Purchase to unlock ðŸ‘†,6,Jakarta,ID,Prefer not to tell,IDR,13000000,Net,Monthly,,
Technical Consultant,Purchase to unlock ðŸ‘†,4,Tangerang Selatan,ID,Male,IDR,7500000,Gross,Monthly,"Private Health Insurance, Extra Allowance Per-Semester",
UX Engineer,Purchase to unlock ðŸ‘†,2,Jakarta,ID,Male,IDR,9000000,Gross,Monthly,,
Product Manager,Purchase to unlock ðŸ‘†,4,Jakarta,ID,Female,IDR,52000000,Net,Monthly,,
Legal Assistant Manager,Purchase to unlock ðŸ‘†,8,Jakarta,ID,Male,IDR,20000000,Net,Monthly,,
Tech Lead,Purchase to unlock ðŸ‘†,5,Jakarta,ID,Male,IDR,40000000,Gross,Monthly,"Bonus, insurance, wfh",
Product Manager,Purchase to unlock ðŸ‘†,2,Jakarta,ID,Prefer not to tell,IDR,12000000,Gross,Monthly,,
Android Developer,Purchase to unlock ðŸ‘†,2,Jakarta,ID,Male,IDR,9200000,Net,Monthly,,
Junior Software Engineer Backend,Purchase to unlock ðŸ‘†,1,Surabaya,ID,Male,IDR,6400000,Net,Monthly,BPJS,
Fullstack Developer,Purchase to unlock ðŸ‘†,2,Jakarta,ID,Male,IDR,9264871,Gross,Monthly,BPJS,Verified
iOS Engineer,Purchase to unlock ðŸ‘†,2,Jakarta,ID,Prefer not to tell,IDR,14000000,Net,Monthly,"Unlimited Health Insurance, Spectacles, Stock Options.",
DevOps Engineer,Purchase to unlock ðŸ‘†,3,Jakarta Selatan,ID,Male,IDR,12500000,Gross,Monthly,"2X THR (Idul Fitri and Natal), Performance Bonus (2-5x), Asuransi",
Front end developer,Purchase to unlock ðŸ‘†,2,Yogyakarta,ID,Male,IDR,8000000,Net,Monthly,,
Fullstack Web Developer,Purchase to unlock ðŸ‘†,2,Yogyakarta,ID,Male,IDR,20000000,Gross,Monthly,,
Back End Engineer,Purchase to unlock ðŸ‘†,1,Depok,ID,Male,IDR,7300000,Net,Monthly,,
Software Engineer,Purchase to unlock ðŸ‘†,2,Tangerang,ID,Prefer not to tell,IDR,12000000,Gross,Monthly,"BPJS, Asuransi",
Android Developer,Purchase to unlock ðŸ‘†,6,Jakarta,ID,Male,IDR,15500000,Net,Monthly,"Private Medical insurance for 1 family include my wife and up to 3 child, melahirkan reimbursement, kacamata reimbursement",
Engineering Manager,Purchase to unlock ðŸ‘†,8,Jakarta,ID,Male,IDR,50000000,Net,Monthly,Stock Option,
Android Developer,Purchase to unlock ðŸ‘†,1,Jakarta,ID,Male,IDR,11000000,Gross,Monthly,,
Product Development,Purchase to unlock ðŸ‘†,2,Jakarta,ID,Prefer not to tell,IDR,9000000,Net,Monthly,,
Software Engineer,Traveloka,3,Surabaya,ID,Male,IDR,20000000,Net,Monthly,,
Content Editor,Purchase to unlock ðŸ‘†,0,Jakarta,ID,Prefer not to tell,IDR,4700000,Gross,Monthly,,
Customer Experience Specialist,Purchase to unlock ðŸ‘†,1,Jakarta,ID,Female,IDR,5000000,Gross,Monthly,,
Network Security,Purchase to unlock ðŸ‘†,0,Jakarta,ID,Male,IDR,8000000,Gross,Monthly,,
Associate Research Executive (Market Research),Purchase to unlock ðŸ‘†,1,Jakarta,ID,Prefer not to tell,IDR,5500000,Net,Monthly,,
Associate Research Executive (Market Research),Purchase to unlock ðŸ‘†,1,Jakarta,ID,Prefer not to tell,IDR,5500000,Net,Monthly,,
UX Researcher,Purchase to unlock ðŸ‘†,3,Jakarta,ID,Male,IDR,15000000,Gross,Monthly,,
Software Engineer,Tokopedia,2,Jakarta,ID,Male,IDR,10450000,Gross,Monthly,OVO Allowance 500k (incl in gross) Health insurance,
IT DBA,Purchase to unlock ðŸ‘†,1,Jakarta,ID,Prefer not to tell,IDR,8000000,Gross,Monthly,,
Assistant Manager Payroll,Purchase to unlock ðŸ‘†,9,Tangerang,ID,Prefer not to tell,IDR,13000000,Gross,Monthly,,
Research and Development,Purchase to unlock ðŸ‘†,1,Bogor,ID,Female,IDR,4400000,Gross,Monthly,,
Head of Engineering,Purchase to unlock ðŸ‘†,11,San Francisco,US,Prefer not to tell,USD,400000,Gross,Annual,,
IT Analyst,Purchase to unlock ðŸ‘†,1,Jakarta,ID,Female,IDR,8000000,Gross,Monthly,,
Technical Auditor,Purchase to unlock ðŸ‘†,3,Bekasi,ID,Female,IDR,6000000,Gross,Monthly,,
Scrum Master,Purchase to unlock ðŸ‘†,5,Jakarta,ID,Male,IDR,18000000,Net,Monthly,"Communication allowance, Lunch allowance",
Agile Coach,Purchase to unlock ðŸ‘†,6,Jakarta,ID,Male,IDR,20000000,Net,Monthly,Commission,
Agile Coach,Purchase to unlock ðŸ‘†,6,Jakarta,ID,Male,IDR,24500000,Net,Monthly,Commission,
Product Marketing,Traveloka,5,Jakarta,ID,Female,IDR,26000000,Net,Monthly,"Traveloka Points, Lunch, Insurance",
Product Engineer,Gojek,4,Jakarta,ID,Male,IDR,40000000,Gross,Monthly,"Bonus around 1x salary, Insurance, flexible paid leave and WFH",
UI/UX Designer,Purchase to unlock ðŸ‘†,2,Jakarta,ID,Male,IDR,3200000,Gross,Monthly,,
Associate Product Manager,Purchase to unlock ðŸ‘†,0,Jakarta,ID,Prefer not to tell,IDR,10000000,Net,Monthly,,
Quality Assurance,Purchase to unlock ðŸ‘†,2,Tangerang,ID,Prefer not to tell,IDR,5000000,Net,Monthly,,
Finance Supervisor,Purchase to unlock ðŸ‘†,3,Jakarta,ID,Female,IDR,12000000,Gross,Monthly,"Insurance, Lunch, WFH option",
Instructur,Purchase to unlock ðŸ‘†,1,Bojonegoro,ID,Prefer not to tell,IDR,16500000,Gross,Monthly,,
Instructur,Purchase to unlock ðŸ‘†,1,Bojonegoro,ID,Prefer not to tell,IDR,16500000,Gross,Monthly,,
Digital Marketing Intern,Purchase to unlock ðŸ‘†,0,Jakarta,ID,Prefer not to tell,IDR,1500000,Gross,Monthly,,
Marketing Administrator,Purchase to unlock ðŸ‘†,0,Jakarta,ID,Prefer not to tell,IDR,6000000,Net,Monthly,,
Senior Associate Consultant,Purchase to unlock ðŸ‘†,3,Jakarta,ID,Male,IDR,15000000,Gross,Monthly,,
Front End Developer,Purchase to unlock ðŸ‘†,0,Jakarta,ID,Male,IDR,10000000,Gross,Monthly,,
Security Engineer,Gojek,3,Jakarta,ID,Male,IDR,61000000,Gross,Monthly,RSU worth 55000 USD 4 years vested,
Product Owner,Purchase to unlock ðŸ‘†,4,Jakarta,ID,Prefer not to tell,IDR,11500000,Net,Monthly,,
Data Engineer,Purchase to unlock ðŸ‘†,7,Yogyakarta,ID,Female,IDR,17500000,Net,Monthly,"Stock Options, Heath Insurance.",
Backend Engineer,Purchase to unlock ðŸ‘†,1,Yogyakarta,ID,Male,IDR,6000000,Gross,Monthly,"Lunch, afternoon meal",
IT solution architect,Purchase to unlock ðŸ‘†,13,Tangerang,ID,Male,IDR,23500000,Net,Monthly,,
Product Designer,Bukalapak,4,Jakarta,ID,Prefer not to tell,IDR,14000000,Gross,Monthly,"Insurance, Lunch",
Backend Developer,Purchase to unlock ðŸ‘†,2,Jakarta,ID,Male,IDR,22000000,Net,Monthly,,
Finance Controller,Purchase to unlock ðŸ‘†,2,West Java,ID,Prefer not to tell,IDR,18000000,Gross,Monthly,"WFH, products, health insurance, lunch",
Engineering Manager,Bukalapak,1,Jakarta,ID,Prefer not to tell,IDR,26000000,Net,Monthly,,
Engineering Manager,Bukalapak,1,Jakarta,ID,Prefer not to tell,IDR,26000000,Net,Monthly,,
DevOps Engineer,Bukalapak,1,Jakarta,ID,Prefer not to tell,IDR,22000000,Net,Monthly,,
Platform Engineer,Purchase to unlock ðŸ‘†,3,Bandung,ID,Prefer not to tell,IDR,10000000,Gross,Monthly,,
Software Engineer,Gojek,3,Jakarta,ID,Prefer not to tell,IDR,21000000,Net,Monthly,,
Remote Software Developer,Purchase to unlock ðŸ‘†,0,malang,ID,Male,IDR,377,Net,Monthly,,Verified
Technical Leader,Purchase to unlock ðŸ‘†,17,Jakarta,ID,Prefer not to tell,IDR,28500000,Net,Monthly,Insurance,
IT Business Analyst,Purchase to unlock ðŸ‘†,0,Surabaya,ID,Prefer not to tell,IDR,4400000,Net,Monthly,,
Fullstack Web Developer,Purchase to unlock ðŸ‘†,2,Yogyakarta,ID,Male,IDR,20000000,Gross,Monthly,,
SEM,Traveloka,2,Jakarta,ID,Female,IDR,11000000,Net,Monthly,,
Senior Software Engineer,Purchase to unlock ðŸ‘†,4,Bandung,ID,Prefer not to tell,IDR,21500000,Net,Monthly,,
Software Engineer,Purchase to unlock ðŸ‘†,1,Semarang,ID,Prefer not to tell,IDR,2500000,Gross,Monthly,,
Principal Engineer,Purchase to unlock ðŸ‘†,13,Batam,ID,Male,IDR,27200000,Gross,Monthly,,
Backend Engineer,Traveloka,0,Jakarta,ID,Male,IDR,11000000,Net,Monthly,,
Frontend Engineer,Purchase to unlock ðŸ‘†,5,Jakarta,ID,Prefer not to tell,IDR,27000000,Net,Monthly,,
Software Engineer,Purchase to unlock ðŸ‘†,0,Jakarta,ID,Male,IDR,16000000,Net,Monthly,,
SEO Specialist,Purchase to unlock ðŸ‘†,1,Jakarta,ID,Male,IDR,5000000,Gross,Monthly,"BPJS TK, free drink & meal, medical insurance, flexible working / WFH, 16 days vacation/yr (accumulation), 10 days sick leave, THR",
Principal Frontend Engineer,Purchase to unlock ðŸ‘†,5,Jakarta,ID,Male,IDR,42000000,Net,Monthly,"Insurance, transport, kuota",
Technical Lead,Purchase to unlock ðŸ‘†,5,Jakarta,ID,Prefer not to tell,IDR,27700000,Gross,Monthly,,
Technical Lead,Purchase to unlock ðŸ‘†,5,Jakarta,ID,Prefer not to tell,IDR,27700000,Gross,Monthly,,
Product Manager,Purchase to unlock ðŸ‘†,4,Jakarta,ID,Female,IDR,17000000,Net,Monthly,,
Software Engineer,Purchase to unlock ðŸ‘†,7,Jakarta,ID,Male,IDR,20000000,Gross,Monthly,,
CRM Specialist,Purchase to unlock ðŸ‘†,2,Jakarta,ID,Prefer not to tell,IDR,9000000,Net,Monthly,,
CRM Specialist,Purchase to unlock ðŸ‘†,2,Jakarta,ID,Prefer not to tell,IDR,9000000,Net,Monthly,,
Software Engineer,Purchase to unlock ðŸ‘†,2,Bandung,ID,Female,IDR,11500000,Gross,Monthly,"Stock, Performance Bonus",
SDET,Purchase to unlock ðŸ‘†,5,Jakarta,ID,Prefer not to tell,IDR,20000000,Gross,Monthly,,
Associate Product Manager,Purchase to unlock ðŸ‘†,2,Bogor,ID,Female,IDR,14000000,Gross,Monthly,,
Associate Product Manager,Purchase to unlock ðŸ‘†,2,Bogor,ID,Female,IDR,14000000,Gross,Monthly,,
Associate Product Manager,Purchase to unlock ðŸ‘†,2,Jakarta,ID,Male,IDR,9300000,Net,Monthly,Health Insurance,
UX Researcher,Purchase to unlock ðŸ‘†,2,Jakarta,ID,Female,IDR,12000000,Net,Monthly,,
Product Development,Purchase to unlock ðŸ‘†,7,Jakarta,ID,Prefer not to tell,IDR,16000000,Net,Monthly,"Life & Insurance, DPLK",
Human Resources Specialist,Purchase to unlock ðŸ‘†,7,Jakarta,ID,Prefer not to tell,IDR,18000000,Gross,Monthly,"private insurance, extra paid leave",
Tech Lead,Purchase to unlock ðŸ‘†,5,Jakarta,ID,Male,IDR,29000000,Net,Monthly,,
Captain,Purchase to unlock ðŸ‘†,8,Tangerang,ID,Male,IDR,75000000,Net,Monthly,Insurance,
Business Analyst,Purchase to unlock ðŸ‘†,0,Jakarta,ID,Female,IDR,11000000,Gross,Monthly,Bonus (based on performance),
Software Engineer,Purchase to unlock ðŸ‘†,2,Bandung,ID,Male,IDR,8900000,Gross,Monthly,,
Business Intelligence Developer,Purchase to unlock ðŸ‘†,0,Jakarta,ID,Prefer not to tell,IDR,7400000,Gross,Monthly,"Insurance, Bonus Performance, 2 THR",
Frontend Engineer,Traveloka,3,Tangerang,ID,Prefer not to tell,IDR,15700000,Net,Monthly,,
Android software engineer,Purchase to unlock ðŸ‘†,2,Jakarta,ID,Prefer not to tell,IDR,17340000,Net,Monthly,,Verified
Product Designer,Purchase to unlock ðŸ‘†,2,Depok,ID,Male,IDR,14400000,Net,Monthly,ESOP,
Associate Software Engineer,Purchase to unlock ðŸ‘†,1,Bengkulu,ID,Male,IDR,6000000,Net,Monthly,,
Senior Software Development Engineer in Test (SDET),Purchase to unlock ðŸ‘†,2,Jakarta,ID,Male,IDR,11800000,Gross,Monthly,,
Graphic Designer,Purchase to unlock ðŸ‘†,4,Jakarta,ID,Prefer not to tell,IDR,9000000,Net,Monthly,"BPJS-K, BPJS-TK, Private Insurance, Medical Allowance",
UX Writer,Purchase to unlock ðŸ‘†,2,Jakarta,ID,Prefer not to tell,IDR,18800000,Gross,Monthly,,Verified
Financial Analyst,Purchase to unlock ðŸ‘†,2,Jakarta,ID,Prefer not to tell,IDR,12000000,Net,Monthly,,Verified
UX Writer,Purchase to unlock ðŸ‘†,2,Jakarta,ID,Prefer not to tell,IDR,18500000,Gross,Monthly,insurance,Verified
Science Teacher,Purchase to unlock ðŸ‘†,2,Kab. Purwakarta,ID,Prefer not to tell,IDR,5000000,Gross,Monthly,,
Control Tower (Planner Division),Purchase to unlock ðŸ‘†,2,Jakarta,ID,Male,IDR,23000000,Net,Monthly,,
Analyst,Purchase to unlock ðŸ‘†,2,Jakarta,ID,Male,IDR,34000000,Gross,Monthly,,
Video Editor,Purchase to unlock ðŸ‘†,2,JAKARTA,ID,Prefer not to tell,IDR,8000000,Net,Monthly,,
Software Engineer,Purchase to unlock ðŸ‘†,3,Jakarta,ID,Male,IDR,8000000,Net,Monthly,,
Quality Engineer,Traveloka,2,Jakarta,ID,Prefer not to tell,IDR,15000000,Net,Monthly,,
Quality Engineer,Traveloka,2,Jakarta,ID,Prefer not to tell,IDR,15000000,Net,Monthly,,
Quality Engineer,Traveloka,2,Jakarta,ID,Prefer not to tell,IDR,15000000,Net,Monthly,,
Software Engineer,Purchase to unlock ðŸ‘†,2,Jakarta,ID,Male,IDR,16500000,Net,Monthly,BPJS,
Customer Support Advisor,Purchase to unlock ðŸ‘†,1,Ranchi,IN,Male,INR,12000,Gross,Monthly,,
Lead Product,Purchase to unlock ðŸ‘†,10,Depok,ID,Prefer not to tell,IDR,70000000,Gross,Monthly,"Insurance, Bonus",
Lead Product,Purchase to unlock ðŸ‘†,10,Depok,ID,Prefer not to tell,IDR,70000000,Gross,Monthly,"Insurance, Bonus",
Software Enigneer 2,Gojek,4,Jakarta,ID,Male,IDR,15200000,Net,Monthly,"private insurance, daily allowance",
Customer Service Logistics,Purchase to unlock ðŸ‘†,0,Jakarta,ID,Prefer not to tell,IDR,6600000,Gross,Monthly,700000,
UI / UX Designer,Purchase to unlock ðŸ‘†,2,Jakarta,ID,Male,IDR,7000000,Gross,Monthly,"Health Insurance, 100K voucher, Laptop allowance",Verified
Digital Marketing,Traveloka,3,Jakarta,ID,Female,IDR,13000000,Net,Monthly,Traveloka points,
Technical Lead,Purchase to unlock ðŸ‘†,4,bandung,ID,Prefer not to tell,IDR,11000000,Gross,Monthly,insurances,
Quality Assurance / Technical Writer,Purchase to unlock ðŸ‘†,0,Kota Bandung,ID,Prefer not to tell,IDR,3650000,Net,Monthly,"BPJS, WFH/WFO, Transport fee",
Backend Engineer,Purchase to unlock ðŸ‘†,3,Jakarta,ID,Male,IDR,14500000,Net,Monthly,,
Product Manager,Purchase to unlock ðŸ‘†,4,Jakarta Selatan,ID,Prefer not to tell,IDR,22000000,Gross,Monthly,"Private Insurance, Remote Working and Annual Bonus",
Digital Marketing Specialist,Purchase to unlock ðŸ‘†,1,Medan,ID,Male,IDR,5500000,Net,Monthly,,
Business Intelligence,Purchase to unlock ðŸ‘†,3,Jakarta,ID,Female,IDR,15000000,Gross,Monthly,,
System Engineer,Tokopedia,5,Jakarta,ID,Male,IDR,16000000,Net,Monthly,,
Security Engineer,Purchase to unlock ðŸ‘†,10,Jakarta,ID,Male,IDR,15000000,Gross,Monthly,,
DevOps Engineer,Purchase to unlock ðŸ‘†,6,Jakarta,ID,Male,IDR,31000000,Net,Monthly,,
Full Stack Developer,Purchase to unlock ðŸ‘†,0,Bogor,ID,Male,SGD,600,Gross,Monthly,None,
IT Support,Purchase to unlock ðŸ‘†,10,Cianjur,ID,Prefer not to tell,IDR,125,Net,Monthly,,
IT Support,Purchase to unlock ðŸ‘†,10,Cianjur,ID,Prefer not to tell,IDR,125,Net,Monthly,,
IT Support,Purchase to unlock ðŸ‘†,10,Cianjur,ID,Prefer not to tell,IDR,125,Gross,Monthly,RSU,
IT Support,Purchase to unlock ðŸ‘†,10,Cianjur,ID,Prefer not to tell,IDR,125,Gross,Monthly,RSU,Verified
Business Intelligence Analyst,Purchase to unlock ðŸ‘†,3,Depok,ID,Male,IDR,14500000,Gross,Monthly,,Verified
Product Manager,Bukalapak,5,Jakarta,ID,Male,IDR,18000000,Net,Monthly,,
Product Management Officer,Purchase to unlock ðŸ‘†,0,Jakarta,ID,Male,IDR,6500000,Gross,Monthly,,
Engineering Manager,Purchase to unlock ðŸ‘†,7,Jakarta,ID,Prefer not to tell,IDR,41000000,Net,Monthly,Stock Options,
Sales Analyst,Purchase to unlock ðŸ‘†,2,Jakarta,ID,Female,IDR,6500000,Gross,Monthly,,
Application Developer,Purchase to unlock ðŸ‘†,0,Jakarta,ID,Prefer not to tell,IDR,5750000,Gross,Monthly,"BPJS, Parking",
Lecturer and Researcher,Purchase to unlock ðŸ‘†,4,Bandung,ID,Male,IDR,15000000,Net,Monthly,Health insurance,
SRE,Purchase to unlock ðŸ‘†,15,Jakarta,ID,Male,USD,6666,Net,Monthly,Stock Options,Verified
Data Analyst,Gojek,2,Tangerang,ID,Male,IDR,13000000,Gross,Monthly,,
Procurement executive,Purchase to unlock ðŸ‘†,5,Jakarta selatan,ID,Prefer not to tell,IDR,7000000,Gross,Monthly,,
Learning Content Specialist,Purchase to unlock ðŸ‘†,2,Jabodetabek,ID,Male,IDR,7500000,Gross,Monthly,,
UX Researcher,Purchase to unlock ðŸ‘†,2,Jakarta,ID,Female,IDR,13000000,Net,Monthly,,
Software Engineer,Gojek,3,Nomad,ID,Male,IDR,21000000,Gross,Monthly,"Gopay, Insurance",
Senior flutter engineer,Purchase to unlock ðŸ‘†,5,Jakarta,ID,Male,IDR,22500000,Net,Monthly,,
Campaign project (commercial team),Gojek,2,Jakarta,ID,Female,IDR,8240000,Gross,Monthly,"BPJS, Insurance",Verified
Senior Android Engineer,Purchase to unlock ðŸ‘†,5,Jakarta,ID,Male,IDR,42000000,Net,Monthly,Insurance,
Software engineer,Purchase to unlock ðŸ‘†,3,Jakarta,ID,Male,IDR,18000000,Gross,Monthly,,
Machine Learning Engineer,Tokopedia,20,Jakarta,ID,Prefer not to tell,IDR,10000000,Net,Monthly,,
Machine Learning Engineer,Tokopedia,20,Jakarta,ID,Prefer not to tell,IDR,10000000,Net,Monthly,,
IT Support,Purchase to unlock ðŸ‘†,6,Purwakarta,ID,Male,IDR,6505000,Net,Monthly,,
Lead Software Engineer,Purchase to unlock ðŸ‘†,4,Jakarta,ID,Male,IDR,37000000,Net,Monthly,"stock options, yearly bonus, medical insurance, BPJS",
Software Engineer,Purchase to unlock ðŸ‘†,0,Bandung,ID,Prefer not to tell,IDR,8200000,Net,Monthly,,
Software Engineer,Purchase to unlock ðŸ‘†,0,Jakarta,ID,Female,IDR,15000000,Net,Monthly,,
Senior Software Engineer,Purchase to unlock ðŸ‘†,4,Yogyakarta,ID,Male,IDR,16000000,Gross,Monthly,,
Associate Product Manager,Purchase to unlock ðŸ‘†,0,Depok,ID,Male,IDR,7000000,Net,Monthly,"Company Health Insurance,",
Back-end Engineer,Purchase to unlock ðŸ‘†,2,Jakarta,ID,Male,IDR,10400000,Net,Monthly,,
Management Trainee,Purchase to unlock ðŸ‘†,3,Jakarta,ID,Male,IDR,10000000,Gross,Monthly,,
IT Operation,Purchase to unlock ðŸ‘†,1,Jakarta,ID,Prefer not to tell,IDR,10000000,Net,Monthly,,
Data Analyst,Purchase to unlock ðŸ‘†,2,Jakarta,ID,Female,IDR,10150000,Gross,Monthly,,
QA Tester,Purchase to unlock ðŸ‘†,5,Yogyakarta,ID,Male,IDR,14000000,Gross,Monthly,,Verified
Senior executive - Market research,Purchase to unlock ðŸ‘†,3,Jakarta,ID,Prefer not to tell,IDR,12500000,Gross,Monthly,,Verified
Frontend Developer,Purchase to unlock ðŸ‘†,1,Bandung,ID,Male,IDR,7000000,Gross,Monthly,,
Frontend Engineer,Purchase to unlock ðŸ‘†,1,Tegal (Remote),ID,Male,IDR,8000000,Gross,Monthly,,
Front End Engineer,Purchase to unlock ðŸ‘†,0,Jakarta,ID,Prefer not to tell,IDR,7000000,Net,Monthly,,
Senior Quantity Surveyor,Purchase to unlock ðŸ‘†,10,Jakarta,ID,Prefer not to tell,IDR,18000000,Net,Monthly,"Medical, WFH option",
Busines Developer,Purchase to unlock ðŸ‘†,9,Tokyo,JP,Prefer not to tell,USD,68000,Gross,Annual,,
Junior Manager,Gojek,5,Jakarta,ID,Male,IDR,29700000,Gross,Monthly,"RSU, Transportation, Gopay",
Specialist,Purchase to unlock ðŸ‘†,4,Jakarta,ID,Male,IDR,22000000,Gross,Monthly,LinkAja Saldo,
Oracle DBA & SQL Developer,Purchase to unlock ðŸ‘†,3,Jakarta,ID,Prefer not to tell,IDR,13500000,Gross,Monthly,,
Sr. Elastic Security,Purchase to unlock ðŸ‘†,1,Jakarta,ID,Female,IDR,13500000,Net,Monthly,,
Data Analyst,Purchase to unlock ðŸ‘†,3,Jakarta,ID,Male,IDR,17000000,Net,Monthly,,
Loss Adjuster,Purchase to unlock ðŸ‘†,1,Surabaya,ID,Male,IDR,5500000,Gross,Monthly,"Travel Allowance, Private Insurance, Phone Allowance, Membership of professional forum, Paid Training.",
Loss Adjuster,Purchase to unlock ðŸ‘†,1,Surabaya,ID,Male,IDR,5500000,Gross,Monthly,"Travel Allowance, Private Insurance, Phone Allowance, Membership of professional forum, Paid Training.",
Associate Product Manager,Purchase to unlock ðŸ‘†,2,Purbalingga,ID,Prefer not to tell,IDR,3000000,Gross,Monthly,,
UX researcher,Purchase to unlock ðŸ‘†,1,Jakarta,ID,Prefer not to tell,IDR,9500000,Gross,Monthly,,
Backend Engineer,Purchase to unlock ðŸ‘†,4,Jakarta,ID,Prefer not to tell,IDR,24150000,Net,Monthly,,
Backend Developer,Purchase to unlock ðŸ‘†,4,Jakarta,ID,Prefer not to tell,IDR,20500000,Net,Monthly,"wallet, insurance",
Backend Developer,Purchase to unlock ðŸ‘†,4,Jakarta,ID,Prefer not to tell,IDR,20500000,Net,Monthly,"wallet, insurance",
Backend Engineer,Shopee,5,Jakarta,ID,Male,IDR,35000000,Gross,Monthly,"shopeepay , insurance, free lunch",
Senior Data Engineer,Tokopedia,1,Jakarta,ID,Male,IDR,23000000,Gross,Monthly,"GoPay, Inpatient (Private Insurance), Outpatient (Company), Marriage Allowance, Death Allowance, Birth Allowance",
DevOps Engineer,Purchase to unlock ðŸ‘†,7,Jakarta,ID,Prefer not to tell,IDR,37000000,Net,Monthly,RSU,
Data Engineer,Purchase to unlock ðŸ‘†,2,Tangerang Selatan,ID,Male,IDR,18400000,Gross,Monthly,Stock,
Data Engineer,Purchase to unlock ðŸ‘†,2,Tangerang Selatan,ID,Male,IDR,18400000,Gross,Monthly,"Stock options, health insurance",Verified
Data analyst,Purchase to unlock ðŸ‘†,3,Jakarta,ID,Prefer not to tell,IDR,25000000,Gross,Monthly,,
Data analyst,Purchase to unlock ðŸ‘†,3,Jakarta,ID,Prefer not to tell,IDR,25000000,Gross,Monthly,,
Data Engineer,Purchase to unlock ðŸ‘†,3,Jakarta,ID,Male,IDR,13000000,Gross,Monthly,BPJS,Verified
Data Analyst,Purchase to unlock ðŸ‘†,2,Jakarta,ID,Male,IDR,10000000,Net,Monthly,,
Senior Software Engineer,Tokopedia,7,Depok,ID,Prefer not to tell,IDR,28000000,Gross,Monthly,,
Mathematic Teacher,Purchase to unlock ðŸ‘†,3,Jakarta,ID,Male,IDR,4200000,Gross,Monthly,,
Senior Associate,Purchase to unlock ðŸ‘†,3,Jakarta,ID,Prefer not to tell,IDR,18500000,Gross,Monthly,,
Senior Business Analyst,Purchase to unlock ðŸ‘†,5,Jakarta,ID,Prefer not to tell,IDR,25000000,Net,Monthly,,
backend engineer,Purchase to unlock ðŸ‘†,3,Malang,ID,Male,USD,3800,Net,Monthly,,Verified
Product Manager,Purchase to unlock ðŸ‘†,2,Jakarta,ID,Male,IDR,9000000,Gross,Monthly,,
Senior DevOps Engineer,Purchase to unlock ðŸ‘†,5,Jakarta,ID,Male,IDR,37000000,Net,Monthly,RSU,
Software Engineer Intern,Purchase to unlock ðŸ‘†,0,Kuningan,ID,Male,IDR,3000000,Net,Monthly,,
Data Engineer Intern,Traveloka,0,Bandung,ID,Male,IDR,7000000,Net,Monthly,,
Front end engineer,Purchase to unlock ðŸ‘†,4,Jakarta,ID,Male,IDR,20400000,Net,Monthly,,
UX Designer,Purchase to unlock ðŸ‘†,2,Jakarta,ID,Male,IDR,11000000,Net,Monthly,-,
Front End Developer,Purchase to unlock ðŸ‘†,2,Kendari,ID,Prefer not to tell,IDR,10000000,Net,Monthly,,
Software Engineer,Purchase to unlock ðŸ‘†,3,Remote,ID,Prefer not to tell,IDR,8000000,Net,Monthly,,
UX Writer,Purchase to unlock ðŸ‘†,3,jakarta,ID,Prefer not to tell,IDR,18800000,Gross,Monthly,internet 400.000,
Software Engineer Web Platform,Tokopedia,3,Jakarta,ID,Male,IDR,13000000,Gross,Monthly,,
Lead Software Engineer,Bukalapak,3,Jakarta,ID,Female,IDR,25000000,Net,Monthly,- Insurance,
QA Engineer,Purchase to unlock ðŸ‘†,2,Yogyakarta,ID,Male,IDR,7400000,Net,Monthly,None,Verified
Lead Software Engineer,Purchase to unlock ðŸ‘†,6,Jakarta,ID,Male,IDR,52000000,Gross,Monthly,"Stock Options, private insurance, BPJS",
Backend Engineer,Purchase to unlock ðŸ‘†,2,Jakarta,ID,Prefer not to tell,IDR,9500000,Gross,Monthly,,
UX Researcher,Purchase to unlock ðŸ‘†,0,Jakarta,ID,Prefer not to tell,IDR,16000000,Net,Monthly,"BPJS Kesehatan, BPJS Ketenagakerjaan",
Associate Software Developer,Purchase to unlock ðŸ‘†,1,Remote,ID,Male,IDR,7500000,Net,Monthly,"Pajak, BPJS",
UI Designer,Purchase to unlock ðŸ‘†,1,Bekasi,ID,Prefer not to tell,IDR,6500000,Gross,Monthly,,
UI Designer,Purchase to unlock ðŸ‘†,1,Jakarta,ID,Prefer not to tell,IDR,6500000,Gross,Monthly,,
Senior Data Engineer,Purchase to unlock ðŸ‘†,5,Jakarta,ID,Male,IDR,21000000,Net,Monthly,"Tax Benefit, Private Health Insurance",
Backend Engineer,Purchase to unlock ðŸ‘†,4,Medan,ID,Male,IDR,6000000,Net,Monthly,,
Senior Business Analyst,Purchase to unlock ðŸ‘†,4,Jakarta,ID,Male,IDR,12000000,Gross,Monthly,,
Data engineer,Purchase to unlock ðŸ‘†,2,Tangerang Selatan,ID,Male,IDR,12000000,Gross,Monthly,,
Head of Data and Analytics,Purchase to unlock ðŸ‘†,7,Jakarta,ID,Male,IDR,33000000,Net,Monthly,"stock options, yearly bonus, medical insurance, medical reimbursement, digital wallet cash",Verified
Senior UI/UX Research,Purchase to unlock ðŸ‘†,5,Jakarta,ID,Female,IDR,18700000,Net,Monthly,,Verified
Chief Technology Officer,Purchase to unlock ðŸ‘†,10,Jakarta,ID,Male,IDR,69000000,Gross,Monthly,,Verified
Lead Engineering,Purchase to unlock ðŸ‘†,7,Jakarta,ID,Male,IDR,21000000,Gross,Monthly,"stock options, yearly bonus, private health insurance, medical reimbursement, digital wallet cash",Verified
Lead QA,Purchase to unlock ðŸ‘†,7,Jakarta,ID,Male,IDR,19000000,Gross,Monthly,"stock options, yearly bonus, private health insurance, medical reimbursement, digital wallet cash",Verified
Lead Digital Marketing,Purchase to unlock ðŸ‘†,5,Jakarta,ID,Female,IDR,17000000,Gross,Monthly,"stock options, yearly bonus, private health insurance, medical reimbursement, digital wallet cash",Verified
Lead Business Sales,Purchase to unlock ðŸ‘†,7,Jakarta,ID,Female,IDR,24000000,Gross,Monthly,"stock options, yearly bonus, private health insurance, medical reimbursement, digital wallet cash",Verified
Lead Backend Engineer,Purchase to unlock ðŸ‘†,5,Jakarta,ID,Male,IDR,18000000,Gross,Monthly,"stock options, yearly bonus, private health insurance, medical reimbursement, digital wallet cash",Verified
System Analyst,Purchase to unlock ðŸ‘†,0,Malang,ID,Prefer not to tell,IDR,4000000,Gross,Monthly,,
System Analyst,Purchase to unlock ðŸ‘†,0,Malang,ID,Prefer not to tell,IDR,4000000,Net,Monthly,,
Wartawan Lokal Tangerang,Purchase to unlock ðŸ‘†,1,Tangerang,ID,Male,IDR,1500000,Gross,Monthly,,
Junior Android Developer,Purchase to unlock ðŸ‘†,4,Bandung,ID,Male,IDR,14000000,Net,Monthly,,
Back-End Engineer,Purchase to unlock ðŸ‘†,0,Jakarta,ID,Male,IDR,6600000,Net,Monthly,,
Backend Engineer,Purchase to unlock ðŸ‘†,0,Yogyakarta,ID,Prefer not to tell,IDR,5000000,Gross,Monthly,,
Software Engineer,Purchase to unlock ðŸ‘†,1,Jakarta,ID,Male,IDR,7000000,Gross,Monthly,,
Software Engineer Backend,Purchase to unlock ðŸ‘†,6,Surabaya,ID,Prefer not to tell,IDR,13000000,Gross,Monthly,,
fullstack developer,Purchase to unlock ðŸ‘†,3,jakarta,ID,Male,IDR,6500000,Net,Monthly,,
React Native Developer,Purchase to unlock ðŸ‘†,1,Depok,ID,Male,IDR,6500000,Gross,Monthly,,
ABAPER,Purchase to unlock ðŸ‘†,20,Jakarta,ID,Prefer not to tell,IDR,25000000,Gross,Monthly,,
ABAPER,Purchase to unlock ðŸ‘†,20,Jakarta,ID,Prefer not to tell,IDR,25000000,Gross,Monthly,,
Software Development Engineer,Purchase to unlock ðŸ‘†,2,Jakarta,ID,Male,IDR,11000000,Net,Monthly,Blipay 500k,Verified
fullstack developer,Purchase to unlock ðŸ‘†,3,jakarta,ID,Prefer not to tell,IDR,5500000,Gross,Monthly,,Verified
Backend Developer,Purchase to unlock ðŸ‘†,1,Yogyakarta,ID,Prefer not to tell,IDR,7000000,Gross,Monthly,,
Web Developer,Purchase to unlock ðŸ‘†,1,Lampung,ID,Male,IDR,4000000,Net,Monthly,,
Backend Engineer,Purchase to unlock ðŸ‘†,2,Jakarta,ID,Male,IDR,12300000,Net,Monthly,,
frontend engineer,Purchase to unlock ðŸ‘†,3,Yogyakarta,ID,Male,IDR,14000000,Net,Monthly,Medical insurance,
Software Engineer,Purchase to unlock ðŸ‘†,1,Bogor,ID,Male,IDR,19000000,Gross,Monthly,,
Back End Developer,Purchase to unlock ðŸ‘†,2,Bekasi,ID,Male,IDR,6000000,Net,Monthly,,
Frontend Developer,Purchase to unlock ðŸ‘†,1,Jakarta,ID,Male,IDR,7000000,Net,Monthly,,
Software Engineer,Purchase to unlock ðŸ‘†,1,Bekasi,ID,Male,IDR,8000000,Gross,Monthly,,
Soa Developer Junior,Purchase to unlock ðŸ‘†,1,Semarang,ID,Male,IDR,4300000,Gross,Monthly,,
Backend Web Developer,Purchase to unlock ðŸ‘†,1,Yogyakarta,ID,Prefer not to tell,IDR,2500000,Gross,Monthly,,
Back-end Developer,Purchase to unlock ðŸ‘†,3,Jakarta,ID,Male,IDR,10700000,Gross,Monthly,"BPJS Kesehatan, BPJS Ketenagakerjaan",
Backend Engineer,Purchase to unlock ðŸ‘†,3,Jakarta,ID,Male,IDR,9000000,Gross,Monthly,,
Software Enginering,Purchase to unlock ðŸ‘†,0,Jakarta,ID,Male,IDR,12000000,Gross,Monthly,total salary include DANA Balance,Verified
Junior Frontend Engineer,Purchase to unlock ðŸ‘†,1,Tangerang,ID,Prefer not to tell,IDR,10300000,Net,Monthly,,
Backend Developer,Purchase to unlock ðŸ‘†,3,Batu,ID,Male,IDR,10000000,Gross,Monthly,,
Technical Consultant,Purchase to unlock ðŸ‘†,2,jakarta,ID,Male,IDR,3000000,Gross,Monthly,reimbusment for overtime,
Data Engineer,Purchase to unlock ðŸ‘†,3,Tasikmalaya,ID,Male,IDR,15180000,Gross,Monthly,,
Android Engineer,Purchase to unlock ðŸ‘†,2,Jakarta,ID,Male,IDR,10500000,Net,Monthly,,
Backend Engineer,Purchase to unlock ðŸ‘†,5,Bandung,ID,Male,IDR,6000000,Net,Monthly,BPJS TK,
Software Engineer,Purchase to unlock ðŸ‘†,0,Yogyakarta,ID,Male,IDR,7000000,Gross,Monthly,,Verified
Mobile Engineer,Purchase to unlock ðŸ‘†,2,Yogyakarta,ID,Male,IDR,10100000,Net,Monthly,,Verified
Software Engineer Intern,Tokopedia,1,Jogjakarta,ID,Prefer not to tell,IDR,7000000,Gross,Monthly,,
Application Developer,Purchase to unlock ðŸ‘†,3,Jakarta,ID,Male,IDR,8800000,Gross,Monthly,,
Junior Backend Engineer,Purchase to unlock ðŸ‘†,1,Semarang,ID,Prefer not to tell,IDR,4500000,Net,Monthly,,
Lead UI/UX Designer,Purchase to unlock ðŸ‘†,1,Purbalingga,ID,Male,IDR,3000000,Net,Monthly,,
Product Engineer,Purchase to unlock ðŸ‘†,2,Semarang,ID,Male,IDR,7500000,Net,Monthly,,
Quality Assurance,Purchase to unlock ðŸ‘†,0,Langkat,ID,Male,IDR,4000000,Gross,Monthly,,
Product Engineer,Purchase to unlock ðŸ‘†,2,Semarang,ID,Male,IDR,7500000,Net,Monthly,,
System Administrator,Purchase to unlock ðŸ‘†,2,Jakarta,ID,Prefer not to tell,IDR,5000000,Net,Monthly,1x Bonus,
IT Developer (Backend Engineer),Purchase to unlock ðŸ‘†,2,Jakarta,ID,Male,IDR,12223500,Gross,Monthly,"Mcbook Pro 2019, Gym member, BPJS, Peformance Bonus (2x), THR(1x), Full WFH, Health Insurance",
IT Developer (Backend Engineer),Purchase to unlock ðŸ‘†,2,Jakarta,ID,Male,IDR,12223500,Gross,Monthly,"Mcbook Pro 2019, Gym member, BPJS, Peformance Bonus (2x), THR(1x), Full WFH, Health Insurance",
IT Developer (Backend Engineer),Purchase to unlock ðŸ‘†,2,Jakarta,ID,Male,IDR,12223500,Gross,Monthly,"Mcbook Pro 2019, Gym member, BPJS, Peformance Bonus (2x), THR(1x), Full WFH, Health Insurance",Verified
Project Manager,Purchase to unlock ðŸ‘†,1,Yogyakarta,ID,Male,IDR,18000000,Gross,Monthly,,
Software Engineer,Purchase to unlock ðŸ‘†,4,Lampung,ID,Male,IDR,4700000,Gross,Monthly,,
Flutter engineer,Purchase to unlock ðŸ‘†,2,Tangerang,ID,Male,IDR,6000000,Net,Monthly,"BPJS Kesehatan, Manulife Private Insurance",
Flutter engineer,Purchase to unlock ðŸ‘†,2,Tangerang,ID,Male,IDR,6000000,Net,Monthly,"BPJS Kesehatan, Manulife Private Insurance",
Data Scientist Intern,Purchase to unlock ðŸ‘†,0,Bandung,ID,Prefer not to tell,IDR,1650000,Net,Monthly,,
Software Engineer in QA (QA Automation),Purchase to unlock ðŸ‘†,0,Jakarta,ID,Male,IDR,10000000,Net,Monthly,Medical Coverage - Rawat inap Up to 800.000 / hari (Anak + Pasangan) - Maternity Allowance Up to 13 jt - Medicine reimbursement - Glasses Reimbursement,
IOS Engineer Intern,Purchase to unlock ðŸ‘†,0,Duri,ID,Male,IDR,3000000,Net,Monthly,,
Frontend Developer,Purchase to unlock ðŸ‘†,1,Malang,ID,Prefer not to tell,IDR,4000000,Net,Monthly,,
Backend Engineer,Purchase to unlock ðŸ‘†,2,Jakarta,ID,Male,IDR,14000000,Gross,Monthly,,
SDE-1,Purchase to unlock ðŸ‘†,6,Semarang,ID,Male,IDR,42500000,Net,Monthly,"Asuransi, THR",Verified
System Developer,Purchase to unlock ðŸ‘†,3,Jakarta,ID,Male,IDR,6000000,Net,Monthly,,Verified
Junior Java Developer,Purchase to unlock ðŸ‘†,1,Yogyakarta,ID,Male,IDR,5000000,Gross,Monthly,,
Backend Engineer,Purchase to unlock ðŸ‘†,2,Jakarta,ID,Male,IDR,24500000,Gross,Monthly,RSU 11k USD/4yrs,
Software Engineer,Purchase to unlock ðŸ‘†,10,jakarta,ID,Prefer not to tell,IDR,36000000,Gross,Monthly,,
Software Engineer,Purchase to unlock ðŸ‘†,10,jakarta,ID,Prefer not to tell,IDR,36000000,Gross,Monthly,,
Software Engineer (Backend Engineer),Purchase to unlock ðŸ‘†,0,Surabaya,ID,Prefer not to tell,IDR,5250000,Gross,Monthly,"Free lunch, Health Insurance",
Software Engineer,Purchase to unlock ðŸ‘†,2,Bandung,ID,Male,IDR,7000000,Net,Monthly,,
Full Stack Engineer,Purchase to unlock ðŸ‘†,2,Jakarta,ID,Male,IDR,10610000,Gross,Monthly,,Verified
Mobile Developer,Gojek,1,Bandung,ID,Male,IDR,1000000,Gross,Monthly,,
Principal Engineer,Tokopedia,3,Jakarta,ID,Prefer not to tell,IDR,49000000,Gross,Monthly,"Stock Option, Gopay 2000 K, Marriage Allowance, Full Coverage Private Insurance for Inpatient & Outpatient (1 wife and 2 children), Marriage Allowance",Verified
Principal Engineer,Purchase to unlock ðŸ‘†,3,Jakarta,ID,Prefer not to tell,IDR,49000000,Gross,Monthly,"Stock Option, Gopay 2000 K, Marriage Allowance, Full Coverage Private Insurance for Inpatient & Outpatient",
Fullstack Web Developer,Purchase to unlock ðŸ‘†,2,Ngawi,ID,Male,IDR,2500000,Gross,Monthly,None,
Software Engineer,Purchase to unlock ðŸ‘†,4,Bogor,ID,Male,IDR,25000000,Net,Monthly,Stock options,
Junior Go BackEnd Developer,Purchase to unlock ðŸ‘†,1,Jakarta,ID,Male,IDR,5750000,Net,Monthly,,
engineering support,Purchase to unlock ðŸ‘†,5,Tangerang,ID,Prefer not to tell,IDR,4700000,Net,Monthly,,
Frontend dev,Purchase to unlock ðŸ‘†,1,Yogyakarta,ID,Male,IDR,6290000,Net,Monthly,BPJS Kes & TK,
Associate Product Manager,Purchase to unlock ðŸ‘†,1,Jakarta,ID,Male,IDR,9000000,Net,Monthly,"Native Token,Insurance,THR",
Frontend Engineer,Purchase to unlock ðŸ‘†,0,Bogor,ID,Male,IDR,6000000,Gross,Monthly,,
Quality Assurance Engineer,Purchase to unlock ðŸ‘†,3,Jakarta,ID,Male,IDR,12900000,Net,Monthly,"Private insurance, BPJS, Jamsostek, Parking allowance, sport allowance, annual leave.",
Front end developer,Bukalapak,4,Bandung,ID,Male,IDR,20000000,Net,Monthly,,
Business Analyst,Purchase to unlock ðŸ‘†,3,Jakarta,ID,Prefer not to tell,IDR,16500000,Gross,Monthly,,
Digital Marketing Intern,Purchase to unlock ðŸ‘†,0,Jakarta,ID,Male,IDR,3000000,Net,Monthly,,
Operations Supervisor,Gojek,2,Jakarta,ID,Male,IDR,12320000,Gross,Monthly,Family Insurance,
fullstack software developer,Purchase to unlock ðŸ‘†,0,jakarta,ID,Male,IDR,4000000,Net,Monthly,,
Fullstack Developer,Purchase to unlock ðŸ‘†,1,Kuala Lumpur,MY,Male,IDR,9000000,Gross,Monthly,,
Mobile Developer,Purchase to unlock ðŸ‘†,5,BEKASI,ID,Male,IDR,17000000,Gross,Monthly,,
Mobile Developer,Purchase to unlock ðŸ‘†,5,BEKASI,ID,Male,IDR,17000000,Gross,Monthly,,
Front End Developer,Purchase to unlock ðŸ‘†,0,Yogyakarta,ID,Male,IDR,4000000,Net,Monthly,"Free lunch, plus religious holiday allowance",
Fullstack Developer,Purchase to unlock ðŸ‘†,4,Jakarta,ID,Prefer not to tell,IDR,13000000,Gross,Monthly,,
Software Engineer,Purchase to unlock ðŸ‘†,4,Jakarta,ID,Prefer not to tell,IDR,16600000,Net,Monthly,"Medical Insurance, eVoucher,",
Frontend Engineer,Purchase to unlock ðŸ‘†,3,Jakarta,ID,Prefer not to tell,IDR,9500000,Gross,Monthly,Medical insurance,
Data Engineer,Purchase to unlock ðŸ‘†,2,Mojokerto,ID,Male,IDR,5736000,Net,Monthly,,
Data Engineer,Purchase to unlock ðŸ‘†,4,Depok,ID,Male,IDR,25000000,Net,Monthly,"Catering, Free Parking, Private Insurance",
Business Analyst,Purchase to unlock ðŸ‘†,9,Tangerang Selatan,ID,Prefer not to tell,IDR,23000000,Gross,Monthly,"Health insurance, Bonus, THR, Quarterly Incentive",
Corporate Student,Purchase to unlock ðŸ‘†,0,Stuttgart,DE,Male,EUR,1119,Gross,Monthly,200,
UX Designer,Purchase to unlock ðŸ‘†,5,Jakarta,ID,Prefer not to tell,IDR,20000000,Net,Monthly,,
Tech lead,Purchase to unlock ðŸ‘†,4,Jakarta,ID,Prefer not to tell,IDR,23000000,Net,Monthly,,
Backend Engineer,Purchase to unlock ðŸ‘†,2,Nganjuk,ID,Prefer not to tell,IDR,12000000,Gross,Monthly,,
Frontend Javascript,Purchase to unlock ðŸ‘†,2,Jakarta,ID,Male,IDR,6500000,Gross,Monthly,,
Senior DevOps Engineer,Purchase to unlock ðŸ‘†,5,Jakarta,ID,Prefer not to tell,IDR,29800000,Net,Monthly,,
Web Developer,Purchase to unlock ðŸ‘†,0,Bali,ID,Male,IDR,3000000,Gross,Monthly,0,
Data Engineer,Purchase to unlock ðŸ‘†,0,Bandung,ID,Prefer not to tell,IDR,6000000,Gross,Monthly,,
Front-End Web Developer,Purchase to unlock ðŸ‘†,1,Jakarta,ID,Male,IDR,6500000,Net,Monthly,,
Software Engineer (Fullstack),Purchase to unlock ðŸ‘†,2,Kabupaten Bekasi (Cikarang),ID,Male,IDR,7000000,Gross,Monthly,"Tunjangan Transportasi 297,000. Tunjangan Kehadiran 97,000. Tunjangan Skill 1,000,000. Lembur dibayar. Asuransi Kesehatan diluar BPJS Kesehatan, jika limit habis maka akan direimburse perusahaan 90%. Ada bus jemputan untuk pergi dan pulang. Makan siang di pabrik gratis.",Verified
Data Engineer,Purchase to unlock ðŸ‘†,1,Bandung,ID,Prefer not to tell,IDR,10500000,Gross,Monthly,BPJS,
Full Stack Developer,Purchase to unlock ðŸ‘†,1,Jakarta,ID,Male,IDR,8000000,Net,Monthly,,
Software Engineer,Purchase to unlock ðŸ‘†,3,Bogor,ID,Male,IDR,17400000,Gross,Monthly,"Yearly Benefit 7.000.000 include insurance, gyms, bill and internet. Daily allowance 40.000",
software engineer,Purchase to unlock ðŸ‘†,6,Tangerang,ID,Male,IDR,1500000,Gross,Monthly,,
Backend engineer,Purchase to unlock ðŸ‘†,2,Nomad,ID,Male,IDR,12000000,Gross,Monthly,"Insurance, work from anywhere",
PHP Programming and wordpress or optional request,Purchase to unlock ðŸ‘†,2,Bekasi,ID,Male,IDR,8000000,Net,Monthly,,Verified
Mobile Developer,Purchase to unlock ðŸ‘†,10,Jakarta,ID,Male,IDR,11000000,Net,Monthly,,
Flutter Developer,Purchase to unlock ðŸ‘†,0,Medan,ID,Male,IDR,3000000,Net,Monthly,,
